Edad;Genero;P1_Destino;P2_Estres;P3_Frecuencia;P4_NivelEstres;P5_FinSemana
17;Hombre;D) Viajes, conciertos, cursos.;D) Buscar nuevas actividades o viajando.;C) Casi nunca.;7;C) Tranquilo, en casa y preparando la semana.
17;Mujer;C) Ahorrando o invirtiendolo.;D) Buscar nuevas actividades o viajando.;D) Solo cuando hay un evento importante.;4;D) Visitando un lugar nuevo o una actividad nueva.
18;Hombre;C) Ahorrando o invirtiendolo.;C) Descansar en casa, planeando mi tiempo y gastos.;C) Casi nunca.;5;C) Tranquilo, en casa y preparando la semana.
15;Mujer;D) Viajes, conciertos, cursos.;D) Buscar nuevas actividades o viajando.;C) Casi nunca.;2;A) Improvisado, con amigos y musica.
13;Mujer;D) Viajes, conciertos, cursos.;B) Hacer ejercicio y meditar.;B) 1 o 2 veces.;9;B) Activo, haciendo deporte y comiendo.
37;Hombre;C) Ahorrando o invirtiendolo.;A) Salir a desconectarme, beber y socializar.;C) Casi nunca.;3;C) Tranquilo, en casa y preparando la semana.
14;Mujer;C) Ahorrando o invirtiendolo.;D) Buscar nuevas actividades o viajando.;C) Casi nunca.;4;A) Improvisado, con amigos y musica.
14;Mujer;C) Ahorrando o invirtiendolo.;C) Descansar en casa, planeando mi tiempo y gastos.;D) Solo cuando hay un evento importante.;2;B) Activo, haciendo deporte y comiendo.
14;Mujer;C) Ahorrando o invirtiendolo.;B) Hacer ejercicio y meditar.;C) Casi nunca.;6;C) Tranquilo, en casa y preparando la semana.
24;Hombre;B) Gimnasio, comida y salud.;A) Salir a desconectarme, beber y socializar.;B) 1 o 2 veces.;8;B) Activo, haciendo deporte y comiendo.
22;Mujer;B) Gimnasio, comida y salud.;A) Salir a desconectarme, beber y socializar.;B) 1 o 2 veces.;2;C) Tranquilo, en casa y preparando la semana.
20;Hombre;B) Gimnasio, comida y salud.;A) Salir a desconectarme, beber y socializar.;B) 1 o 2 veces.;6;A) Improvisado, con amigos y musica.
44;Mujer;B) Gimnasio, comida y salud.;C) Descansar en casa, planeando mi tiempo y gastos.;C) Casi nunca.;9;C) Tranquilo, en casa y preparando la semana.
35;Mujer;C) Ahorrando o invirtiendolo.;C) Descansar en casa, planeando mi tiempo y gastos.;C) Casi nunca.;6;C) Tranquilo, en casa y preparando la semana.
15;Mujer;C) Ahorrando o invirtiendolo.;B) Hacer ejercicio y meditar.;C) Casi nunca.;5;C) Tranquilo, en casa y preparando la semana.
40;Hombre;D) Viajes, conciertos, cursos.;C) Descansar en casa, planeando mi tiempo y gastos.;D) Solo cuando hay un evento importante.;4;D) Visitando un lugar nuevo o una actividad nueva.
20;Hombre;C) Ahorrando o invirtiendolo.;B) Hacer ejercicio y meditar.;D) Solo cuando hay un evento importante.;9;B) Activo, haciendo deporte y comiendo.
59;Mujer;B) Gimnasio, comida y salud.;C) Descansar en casa, planeando mi tiempo y gastos.;C) Casi nunca.;1;C) Tranquilo, en casa y preparando la semana.
22;Hombre;A) Salir a beber con amigos y fiestas.;B) Hacer ejercicio y meditar.;B) 1 o 2 veces.;5;A) Improvisado, con amigos y musica.
16;Mujer;A) Salir a beber con amigos y fiestas.;A) Salir a desconectarme, beber y socializar.;D) Solo cuando hay un evento importante.;1;C) Tranquilo, en casa y preparando la semana.
23;Mujer;C) Ahorrando o invirtiendolo.;C) Descansar en casa, planeando mi tiempo y gastos.;C) Casi nunca.;2;C) Tranquilo, en casa y preparando la semana.
47;Mujer;B) Gimnasio, comida y salud.;C) Descansar en casa, planeando mi tiempo y gastos.;C) Casi nunca.;10;C) Tranquilo, en casa y preparando la semana.
53;Mujer;B) Gimnasio, comida y salud.;C) Descansar en casa, planeando mi tiempo y gastos.;A) 4 o mas veces.;5;C) Tranquilo, en casa y preparando la semana.
29;Mujer;A) Salir a beber con amigos y fiestas.;B) Hacer ejercicio y meditar.;B) 1 o 2 veces.;7;C) Tranquilo, en casa y preparando la semana.
36;Mujer;B) Gimnasio, comida y salud.;B) Hacer ejercicio y meditar.;C) Casi nunca.;8;C) Tranquilo, en casa y preparando la semana.
19;Hombre;C) Ahorrando o invirtiendolo.;B) Hacer ejercicio y meditar.;C) Casi nunca.;3;C) Tranquilo, en casa y preparando la semana.
19;Hombre;B) Gimnasio, comida y salud.;C) Descansar en casa, planeando mi tiempo y gastos.;B) 1 o 2 veces.;3;C) Tranquilo, en casa y preparando la semana.
18;Mujer;C) Ahorrando o invirtiendolo.;C) Descansar en casa, planeando mi tiempo y gastos.;C) Casi nunca.;2;C) Tranquilo, en casa y preparando la semana.
17;Hombre;C) Ahorrando o invirtiendolo.;C) Descansar en casa, planeando mi tiempo y gastos.;C) Casi nunca.;1;A) Improvisado, con amigos y musica.
30;Mujer;C) Ahorrando o invirtiendolo.;A) Salir a desconectarme, beber y socializar.;B) 1 o 2 veces.;7;C) Tranquilo, en casa y preparando la semana.
24;Hombre;B) Gimnasio, comida y salud.;B) Hacer ejercicio y meditar.;D) Solo cuando hay un evento importante.;8;A) Improvisado, con amigos y musica.
16;Mujer;A) Salir a beber con amigos y fiestas.;B) Hacer ejercicio y meditar.;B) 1 o 2 veces.;3;C) Tranquilo, en casa y preparando la semana.
15;Hombre;B) Gimnasio, comida y salud.;A) Salir a desconectarme, beber y socializar.;C) Casi nunca.;1;A) Improvisado, con amigos y musica.
16;Hombre;B) Gimnasio, comida y salud.;D) Buscar nuevas actividades o viajando.;D) Solo cuando hay un evento importante.;8;C) Tranquilo, en casa y preparando la semana.
22;Mujer;B) Gimnasio, comida y salud.;B) Hacer ejercicio y meditar.;C) Casi nunca.;8;D) Visitando un lugar nuevo o una actividad nueva.
17;Mujer;B) Gimnasio, comida y salud.;B) Hacer ejercicio y meditar.;D) Solo cuando hay un evento importante.;5;D) Visitando un lugar nuevo o una actividad nueva.
66;Hombre;B) Gimnasio, comida y salud.;B) Hacer ejercicio y meditar.;C) Casi nunca.;5;B) Activo, haciendo deporte y comiendo.
21;Mujer;D) Viajes, conciertos, cursos.;D) Buscar nuevas actividades o viajando.;C) Casi nunca.;7;D) Visitando un lugar nuevo o una actividad nueva.
45;Mujer;C) Ahorrando o invirtiendolo.;C) Descansar en casa, planeando mi tiempo y gastos.;C) Casi nunca.;10;C) Tranquilo, en casa y preparando la semana.
16;Mujer;A) Salir a beber con amigos y fiestas.;A) Salir a desconectarme, beber y socializar.;C) Casi nunca.;8;A) Improvisado, con amigos y musica.
18;Mujer;B) Gimnasio, comida y salud.;A) Salir a desconectarme, beber y socializar.;B) 1 o 2 veces.;8;A) Improvisado, con amigos y musica.
18;Hombre;D) Viajes, conciertos, cursos.;C) Descansar en casa, planeando mi tiempo y gastos.;D) Solo cuando hay un evento importante.;10;C) Tranquilo, en casa y preparando la semana.
24;Mujer;C) Ahorrando o invirtiendolo.;A) Salir a desconectarme, beber y socializar.;C) Casi nunca.;5;C) Tranquilo, en casa y preparando la semana.
23;Mujer;C) Ahorrando o invirtiendolo.;D) Buscar nuevas actividades o viajando.;B) 1 o 2 veces.;3;C) Tranquilo, en casa y preparando la semana.
20;Mujer;B) Gimnasio, comida y salud.;B) Hacer ejercicio y meditar.;D) Solo cuando hay un evento importante.;7;C) Tranquilo, en casa y preparando la semana.
22;Hombre;B) Gimnasio, comida y salud.;B) Hacer ejercicio y meditar.;A) 4 o mas veces.;3;A) Improvisado, con amigos y musica.
21;Mujer;B) Gimnasio, comida y salud.;A) Salir a desconectarme, beber y socializar.;C) Casi nunca.;7;C) Tranquilo, en casa y preparando la semana.
24;Hombre;C) Ahorrando o invirtiendolo.;A) Salir a desconectarme, beber y socializar.;B) 1 o 2 veces.;8;B) Activo, haciendo deporte y comiendo.
21;Mujer;D) Viajes, conciertos, cursos.;B) Hacer ejercicio y meditar.;B) 1 o 2 veces.;8;C) Tranquilo, en casa y preparando la semana.
28;Hombre;D) Viajes, conciertos, cursos.;C) Descansar en casa, planeando mi tiempo y gastos.;B) 1 o 2 veces.;8;C) Tranquilo, en casa y preparando la semana.
21;Mujer;B) Gimnasio, comida y salud.;C) Descansar en casa, planeando mi tiempo y gastos.;C) Casi nunca.;8;C) Tranquilo, en casa y preparando la semana.
27;Mujer;B) Gimnasio, comida y salud.;C) Descansar en casa, planeando mi tiempo y gastos.;C) Casi nunca.;7;C) Tranquilo, en casa y preparando la semana.
22;Hombre;B) Gimnasio, comida y salud.;B) Hacer ejercicio y meditar.;C) Casi nunca.;8;C) Tranquilo, en casa y preparando la semana.
23;Mujer;D) Viajes, conciertos, cursos.;B) Hacer ejercicio y meditar.;B) 1 o 2 veces.;3;A) Improvisado, con amigos y musica.
21;Mujer;C) Ahorrando o invirtiendolo.;B) Hacer ejercicio y meditar.;D) Solo cuando hay un evento importante.;3;C) Tranquilo, en casa y preparando la semana.
27;Mujer;D) Viajes, conciertos, cursos.;C) Descansar en casa, planeando mi tiempo y gastos.;C) Casi nunca.;5;C) Tranquilo, en casa y preparando la semana.
24;Mujer;B) Gimnasio, comida y salud.;C) Descansar en casa, planeando mi tiempo y gastos.;D) Solo cuando hay un evento importante.;9;A) Improvisado, con amigos y musica.
21;Mujer;A) Salir a beber con amigos y fiestas.;C) Descansar en casa, planeando mi tiempo y gastos.;B) 1 o 2 veces.;3;C) Tranquilo, en casa y preparando la semana.
20;Mujer;D) Viajes, conciertos, cursos.;D) Buscar nuevas actividades o viajando.;B) 1 o 2 veces.;8;C) Tranquilo, en casa y preparando la semana.
27;Mujer;C) Ahorrando o invirtiendolo.;D) Buscar nuevas actividades o viajando.;D) Solo cuando hay un evento importante.;3;C) Tranquilo, en casa y preparando la semana.
26;Mujer;A) Salir a beber con amigos y fiestas.;D) Buscar nuevas actividades o viajando.;D) Solo cuando hay un evento importante.;10;C) Tranquilo, en casa y preparando la semana.
20;Hombre;A) Salir a beber con amigos y fiestas.;D) Buscar nuevas actividades o viajando.;A) 4 o mas veces.;7;C) Tranquilo, en casa y preparando la semana.
21;Mujer;A) Salir a beber con amigos y fiestas.;D) Buscar nuevas actividades o viajando.;A) 4 o mas veces.;6;A) Improvisado, con amigos y musica.
20;Mujer;A) Salir a beber con amigos y fiestas.;C) Descansar en casa, planeando mi tiempo y gastos.;B) 1 o 2 veces.;7;C) Tranquilo, en casa y preparando la semana.
20;Hombre;A) Salir a beber con amigos y fiestas.;A) Salir a desconectarme, beber y socializar.;B) 1 o 2 veces.;2;A) Improvisado, con amigos y musica.
20;Hombre;A) Salir a beber con amigos y fiestas.;C) Descansar en casa, planeando mi tiempo y gastos.;B) 1 o 2 veces.;8;C) Tranquilo, en casa y preparando la semana.
22;Hombre;B) Gimnasio, comida y salud.;B) Hacer ejercicio y meditar.;D) Solo cuando hay un evento importante.;8;C) Tranquilo, en casa y preparando la semana.
20;Mujer;B) Gimnasio, comida y salud.;B) Hacer ejercicio y meditar.;D) Solo cuando hay un evento importante.;4;C) Tranquilo, en casa y preparando la semana.
20;Mujer;B) Gimnasio, comida y salud.;C) Descansar en casa, planeando mi tiempo y gastos.;D) Solo cuando hay un evento importante.;7;C) Tranquilo, en casa y preparando la semana.
26;Hombre;D) Viajes, conciertos, cursos.;B) Hacer ejercicio y meditar.;B) 1 o 2 veces.;4;B) Activo, haciendo deporte y comiendo.
18;Mujer;B) Gimnasio, comida y salud.;C) Descansar en casa, planeando mi tiempo y gastos.;D) Solo cuando hay un evento importante.;7;A) Improvisado, con amigos y musica.
20;Hombre;A) Salir a beber con amigos y fiestas.;B) Hacer ejercicio y meditar.;A) 4 o mas veces.;6;C) Tranquilo, en casa y preparando la semana.
22;Hombre;A) Salir a beber con amigos y fiestas.;A) Salir a desconectarme, beber y socializar.;D) Solo cuando hay un evento importante.;3;A) Improvisado, con amigos y musica.
